title,slug,content,user_id,image,meta_description,meta_keywords,is_published,created_at,updated_at
Locatie de botez ideala? Ghid complet.,locatie-de-botez-ideala,"""Cum sa alegi o locatie de botez perfecta?
Alegerea loca?iei pentru botezul copilului t?u este o decizie important?, care poate influen?a întregul eveniment. O locatie de botez bine aleas? asigur? o atmosfer? pl?cut?, confort pentru invita?i ?i amintiri de neuitat. În acest ghid complet, î?i vom oferi sfaturi utile ?i informa?ii practice pentru a te ajuta s? g?se?ti loca?ia ideal? pentru botezul copilului t?u, f?r? stres.
Importan?a Loca?iei pentru Botez
Loca?ia botezului este esen?ial? pentru a crea o atmosfer? festiv? ?i primitoare. Alegerea unui spa?iu potrivit poate transforma botezul într-un eveniment memorabil atât pentru tine, cât ?i pentru invita?i. Este important s? g?se?ti o loca?ie care s? reflecte stilul t?u ?i s? ofere toate facilit??ile necesare pentru un eveniment reu?it.
Factori de Luat în Considerare în Alegerea Loca?iei pentru Botez
Capacitatea Loca?iei
Asigur?-te c? loca?ia aleas? poate g?zdui confortabil num?rul de invita?i. Nu vrei ca spa?iul s? fie prea mic ?i sufocant, dar nici prea mare ?i gol. Estimeaz? num?rul de invita?i ?i alege o loca?ie adecvat?.
Bugetul
Stabile?te un buget clar pentru loca?ie. Este esen?ial s? ai o imagine realist? a costurilor pentru a evita surprizele nepl?cute. Include în buget nu doar pre?ul de închiriere, ci ?i eventualele costuri suplimentare pentru decor, catering ?i echipamente tehnice.
Accesibilitatea ?i Loca?ia
Alege o loca?ie u?or accesibil? pentru to?i invita?ii, având în vedere atât transportul public, cât ?i locurile de parcare disponibile. O loca?ie central? sau u?or de g?sit poate face diferen?a pentru confortul invita?ilor.
Servicii ?i Facilit??i Oferite de Loca?iile pentru Botez
Catering ?i B?uturi
Multe loca?ii ofer? servicii de catering ?i b?uturi. Verific? meniurile propuse ?i asigur?-te c? acestea se potrivesc preferin?elor tale ?i ale invita?ilor. Un meniu diversificat poate contribui la succesul evenimentului.
Decor ?i Amenaj?ri
Un decor bine ales poate ad?uga un plus de elegan?? ?i festivitate evenimentului. Verific? dac? loca?ia permite personalizarea decorului ?i dac? ofer? servicii de decorare.
Echipamente Tehnice
Echipamentele tehnice, cum ar fi sistemele de sunet ?i iluminat, sunt cruciale pentru un eveniment reu?it. Asigur?-te c? loca?ia dispune de toate echipamentele necesare sau c? le po?i închiria separat.
Cum s? G?se?ti Loca?ia de Botez Ideal?
Cercetarea Online
Internetul este un instrument valoros în c?utarea loca?iei perfecte. Exist? numeroase site-uri unde po?i vizualiza loca?ii, compara pre?uri ?i citi recenzii ale altor p?rin?i. F?-?i o list? scurt? de loca?ii care te intereseaz? ?i contacteaz?-le pentru mai multe informa?ii. Vezi locatii Eventu.
Vizite la Loca?ie
Nu te limita la imaginile de pe internet. F?-?i timp s? vizitezi personal loca?iile care te intereseaz?. Astfel, vei putea evalua spa?iul ?i vei putea discuta direct cu managerii de loca?ie despre detaliile organizatorice.
Sfaturi pentru a Economisi Bani la Închirierea Loca?iei pentru Botez
Rezerv? din Timp
Rezervarea din timp a loca?iei poate aduce economii semnificative. Multe loca?ii ofer? discounturi pentru rezerv?rile f?cute cu luni înainte de eveniment.
Alege o Zi Alternativ?
Evenimentele în zilele de weekend sunt, de obicei, mai scumpe. Dac? este posibil, alege o zi de vineri sau chiar o zi de lucru pentru a reduce costurile.
Tipuri de Loca?ii pentru Botez
Restaurante ?i S?li de Evenimente
Acestea sunt solu?ii populare pentru botezuri, oferind spa?ii versatile ?i servicii complete, de la catering la decor ?i echipamente tehnice.
Case de Oaspe?i ?i Pensiuni
Pentru un botez mai intim, casele de oaspe?i ?i pensiunile pot oferi un cadru frumos ?i confortabil. Aceste loca?ii sunt ideale pentru evenimente mai mici ?i mai private.
Gr?dini ?i Terase
Pentru un botez în aer liber, gr?dinile ?i terasele sunt loca?ii excelente. Aceste spa?ii ofer? un cadru natural ?i relaxant, perfect pentru un eveniment de var?.
6 Întreb?ri Frecvente
Cum s? aleg o loca?ie de botez care s? se potriveasc? stilului nostru? Stabile?te mai întâi stilul evenimentului, apoi caut? loca?ii care completeaz? aceast? viziune. Viziteaz? loca?iile ?i discut? cu managerii pentru a vedea ce op?iuni de personalizare sunt disponibile.
Ce ar trebui s? includ? contractul de închiriere a loca?iei? Contractul ar trebui s? includ? toate detaliile esen?iale: data ?i ora evenimentului, costurile totale, serviciile incluse, politica de anulare ?i orice alte termeni ?i condi?ii specifice.
Este necesar s? vizitez loca?ia înainte de a o rezerva? Da, este esen?ial s? vizitezi loca?ia personal pentru a te asigura c? spa?iul corespunde a?tept?rilor tale ?i pentru a discuta detaliile logistice cu echipa loca?iei.
Cum pot economisi bani la închirierea unei loca?ii pentru botez? Rezerv? loca?ia din timp, alege o zi mai pu?in popular? pentru evenimentul t?u ?i negociaz? pre?ul sau pachetele de servicii oferite.
Ce echipamente tehnice sunt necesare pentru un botez? Sistemul de sunet ?i iluminat sunt esen?iale. Alte echipamente necesare pot include un proiector ?i ecran pentru prezent?ri sau videoclipuri ?i microfoane pentru discursuri.
Cum s? personalizez decorul loca?iei pentru botez? Lucreaz? cu un decorator profesionist sau utilizeaz? elemente DIY pentru a ad?uga o not? personal?. Alege culorile, florile ?i detaliile care reflect? tema ?i stilul evenimentului t?u.
Concluzie
Alegerea loca?iei pentru botez este un pas important în organizarea evenimentului perfect. Prin luarea în considerare a capacit??ii, bugetului ?i accesibilit??ii, po?i g?si loca?ia ideal? care s? î?i îndeplineasc? toate dorin?ele.""",1,images/eventu-hero.jpg,"""Descoper? cum s? alegi cea mai buna locatie de botez pentru evenimentul t?u! Ghidul nostru complet te ajut? s? g?se?ti loca?ia ideal? pentru eveniment.""","""locatie de botez""",1,26/06/2024 14:53,26/06/2024 14:53
Locatie de botez in functie de buget? Ghid Complet,locatie-de-botez-in-functie-de-buget,"""Locatie de botez in functie de buget?
Organizarea botezului copilului t?u este un eveniment special ?i plin de emo?ie. Decizia de a alege o locatie de botez potrivita poate face diferen?a între un botez obi?nuit ?i unul memorabil. În acest ghid, vom explora diverse op?iuni de loca?ie de botez, adaptate diferitelor bugete, pentru a te ajuta s? g?se?ti locul perfect f?r? a-?i dep??i limitele financiare.
De Ce Este Important? Alegerea Loca?iei?
Alegerea loca?iei este esen?ial? deoarece influen?eaz? atmosfera general? a evenimentului, confortul invita?ilor ?i amintirile pe care le ve?i crea împreun?. O loca?ie bine aleas? poate transforma botezul într-o zi de neuitat pentru toat? lumea.
Factori de Luat în Considerare la Alegerea Loca?iei
Bugetul Disponibil
Primul pas în alegerea loca?iei perfecte este stabilirea unui buget clar. Ia în considerare toate cheltuielile asociate, inclusiv închirierea spa?iului, decorul, cateringul ?i alte servicii necesare.
Num?rul de Invita?i
Num?rul de invita?i joac? un rol important în alegerea loca?iei. Asigur?-te c? spa?iul este suficient de mare pentru a g?zdui to?i invita?ii confortabil, dar nu atât de mare încât s? par? gol.
Stilul ?i Tema Botezului
Gânde?te-te la stilul ?i tema botezului atunci când alegi loca?ia. Fie c? dore?ti un botez tradi?ional, elegant sau unul modern ?i relaxat, loca?ia ar trebui s? reflecte aceast? tem?.
Op?iuni de Loca?ie de Botez pentru Fiecare Buget
Loca?ii cu Buget Redus
Parcuri Publice
Parcurile publice sunt o op?iune excelent? ?i accesibil? pentru un botez. Acestea ofer? un cadru natural ?i pl?cut, ideal pentru evenimente în aer liber. Verific? reglement?rile locale ?i asigur?-te c? ob?ii permisele necesare.
S?li de Festivit??i Comunitare
S?lile de festivit??i comunitare sunt o alt? op?iune accesibil?. Acestea sunt adesea disponibile la pre?uri rezonabile ?i pot fi decorate dup? bunul plac pentru a crea atmosfera dorit?.
Loca?ii cu Buget Mediu
Restaurante ?i Bistrouri
Restaurantele ?i bistrourile ofer? o gam? variat? de op?iuni pentru botezuri. Acestea pot oferi pachete complete care includ mâncare, b?uturi ?i decor. Alege un restaurant cu un decor care se potrive?te temei botezului.
Case de Oaspe?i ?i Pensiuni
Casele de oaspe?i ?i pensiunile pot oferi un cadru intim ?i confortabil pentru botez. Acestea sunt ideale pentru evenimente mai mici ?i ofer? posibilitatea de a închiria întregul spa?iu pentru o atmosfer? privat?.
Loca?ii cu Buget Ridicat
Hoteluri ?i S?li de Evenimente
Hotelurile ?i s?lile de evenimente sunt perfecte pentru un botez elegant ?i sofisticat. Aceste loca?ii ofer? facilit??i complete, de la servicii de catering de înalt? calitate la decoruri impresionante. De?i costurile pot fi mai ridicate, experien?a oferit? merit? investi?ia.
Casteluri ?i Vile Istorice
Pentru un botez de poveste, castelurile ?i vilele istorice sunt alegerea ideal?. Aceste loca?ii ofer? un cadru spectaculos ?i pot transforma botezul într-un eveniment regal. Asigur?-te c? bugetul acoper? toate costurile asociate cu închirierea unei astfel de loca?ii exclusive.
Sfaturi pentru Optimizarea Bugetului
Planificare Din Timp
Rezervarea loca?iei cu mult timp înainte poate aduce economii semnificative. Multe loca?ii ofer? reduceri pentru rezerv?ri timpurii sau pentru evenimente organizate în afara sezonului.
Flexibilitate cu Datele
Fii flexibil cu datele evenimentului. Organizarea botezului într-o zi de s?pt?mân? sau în afara sezonului poate reduce considerabil costurile.
Negocierea Pre?urilor
Nu ezita s? negociezi pre?urile ?i s? întrebi despre posibile reduceri. Multe loca?ii sunt dispuse s? ajusteze pre?urile pentru a se potrivi bugetului t?u.
Întreb?ri Frecvente
Care sunt cele mai accesibile loca?ii de botez? Parcurile publice ?i s?lile de festivit??i comunitare sunt printre cele mai accesibile op?iuni.
Cum pot economisi bani la organizarea botezului? Rezerv? din timp, alege o dat? flexibil? ?i negociaz? pre?urile pentru a ob?ine cele mai bune oferte.
Ce ar trebui s? includ? bugetul pentru loca?ia de botez? Bugetul ar trebui s? includ? costul închirierii spa?iului, decorul, cateringul, echipamentele tehnice ?i orice alte servicii suplimentare necesare.
Este necesar s? vizitez loca?ia înainte de a o rezerva? Da, este recomandat s? vizitezi loca?ia pentru a te asigura c? îndepline?te toate cerin?ele tale ?i pentru a discuta detaliile organizatorice cu echipa loca?iei.
Ce facilit??i sunt importante pentru o loca?ie de botez? Facilit??ile importante includ accesibilitatea, parcarea, echipamentele tehnice, op?iunile de catering ?i posibilitatea de a personaliza decorul.
Cum pot personaliza loca?ia pentru a se potrivi temei botezului? Folose?te decoruri tematice, aranjamente florale, lumini ambientale ?i accente personalizate pentru a crea o atmosfer? care s? reflecte tema botezului.
Concluzie
Alegerea loca?iei perfecte pentru botez în func?ie de buget necesit? planificare atent? ?i considerarea mai multor factori esen?iali. Indiferent dac? optezi pentru o loca?ie accesibil?, medie sau luxoas?, asigur?-te c? spa?iul ales reflect? stilul ?i tema botezului t?u, oferind în acela?i timp confort ?i pl?cere invita?ilor. Cu pu?in? cercetare ?i planificare, po?i organiza un botez memorabil ?i special, f?r? a-?i dep??i bugetul.
Bucur?-te de fiecare moment al acestei zile speciale ?i g?se?te loca?ia perfect? pentru un botez de neuitat!""",1,images/eventu-hero.jpg,"""Descoper? cum s? g?se?ti o locatie de botez perfect?, adaptat? bugetului t?u! Sfaturi practice pentru organizarea unui botez memorabil f?r? a cheltui o avere.""","""locatie de botez""",1,27/06/2024 14:53,27/06/2024 14:53
Locatie de botez inedita?: Idei pentru o zi de neuitat.,locatie-de-botez-inedita,"""Vrei sa alegi o locatie de botez inedita pentru botezul tau? 
Planificarea botezului copilului t?u este un moment plin de emo?ie ?i entuziasm. Daca alegi o locatie de botez inedita poate ad?uga un farmec deosebit evenimentului, f?cându-l cu adev?rat memorabil pentru tine ?i pentru invita?i. În acest articol, vom explora diverse loca?ii de botez neobi?nuite ?i creative care î?i vor transforma ziua special? într-o experien?? de neuitat.
De Ce S? Alegi o Loca?ie Inedit? pentru Botez?
Alegerea unei loca?ii neobi?nuite pentru botez aduce un plus de originalitate ?i unicitate evenimentului. O astfel de loca?ie poate reflecta personalitatea familiei tale ?i poate oferi invita?ilor o experien?? unic? ?i pl?cut?. De asemenea, o loca?ie inedit? poate fi locul perfect pentru fotografii impresionante ?i amintiri de durat?.
Tipuri de Loca?ii Inedite pentru Botez
Gr?dini Botanice
Gr?dinile botanice ofer? un cadru natural ?i elegant pentru botez. Înconjurat de flori ?i verdea??, evenimentul va avea o atmosfer? lini?tit? ?i rafinat?. În plus, gr?dinile botanice ofer? numeroase oportunit??i pentru fotografii spectaculoase.
Muzee ?i Galerii de Art?
Organizarea botezului într-un muzeu sau o galerie de art? poate transforma evenimentul într-o experien?? cultural? unic?. Aceste loca?ii ofer? un decor sofisticat ?i sunt perfecte pentru familiile care apreciaz? arta ?i istoria.
Castel sau Palat
Pentru o atmosfer? regal?, un castel sau un palat poate fi loca?ia ideal?. Aceste locuri istorice ofer? un cadru impresionant ?i elegant, perfect pentru un eveniment de poveste.
Factori de Luat în Considerare la Alegerea unei Loca?ii Inedite
Accesibilitatea
Asigur?-te c? loca?ia este accesibil? pentru to?i invita?ii. Verific? op?iunile de transport ?i locurile de parcare disponibile. O loca?ie frumoas?, dar greu accesibil?, poate crea disconfort invita?ilor.
Costurile
Loca?iile inedite pot avea costuri mai ridicate. Stabile?te un buget clar ?i asigur?-te c? iei în considerare toate cheltuielile, inclusiv închirierea loca?iei, decorul, cateringul ?i echipamentele tehnice necesare.
Serviciile Incluse
Verific? ce servicii sunt incluse în pre?ul de închiriere. Unele loca?ii ofer? pachete complete care includ catering, decor ?i echipamente tehnice, în timp ce altele pot necesita contractarea unor servicii suplimentare.
Cum s? G?se?ti Loca?ia Inedit? Perfect?
Cercetare Online
Începe c?utarea online. Exist? numeroase platforme care listeaz? loca?ii de evenimente ?i ofer? detalii despre facilit??i, costuri ?i recenzii ale altor clien?i.
Vizite la Loca?ie
Viziteaz? personal loca?iile de pe lista ta scurt?. Astfel, vei putea evalua mai bine spa?iul ?i vei putea discuta detaliile organizatorice cu echipa loca?iei.
Consultarea cu Prieteni ?i Familie
Discut? cu prietenii ?i familia pentru a ob?ine recomand?ri ?i pentru a te asigura c? loca?ia aleas? va fi pe placul tuturor invita?ilor.
Idei Creative pentru Decorul unei Loca?ii de Botez Inedite
Teme Florale
Indiferent de loca?ia aleas?, florile pot ad?uga un farmec deosebit evenimentului. Alege flori de sezon ?i aranjamente care s? completeze tema botezului.
Lumini Ambientale
Jocurile de lumini pot transforma orice loca?ie într-un spa?iu magic. Folose?te lumini calde, l?mpi decorative sau lumân?ri pentru a crea o atmosfer? intim? ?i primitoare.
Accente Personalizate
Adaug? accente personalizate, cum ar fi fotografii ale copilului, elemente de decor handmade sau obiecte simbolice care s? reflecte povestea familiei tale.
Întreb?ri Frecvente
De ce s? aleg o loca?ie inedit? pentru botez? O loca?ie inedit? adaug? unicitate ?i originalitate evenimentului, f?cându-l memorabil pentru tine ?i invita?i.
Ce factori ar trebui s? iau în considerare când aleg o loca?ie inedit?? Accesibilitatea, costurile ?i serviciile incluse sunt factori esen?iali. Asigur?-te c? loca?ia este u?or accesibil?, se încadreaz? în bugetul t?u ?i ofer? toate facilit??ile necesare.
Cum pot personaliza decorul unei loca?ii de botez? Folose?te flori, lumini ambientale ?i accente personalizate pentru a crea un decor care s? reflecte tema botezului ?i personalitatea familiei tale.
Este necesar s? vizitez loca?ia înainte de a o rezerva? Da, este esen?ial s? vizitezi loca?ia pentru a te asigura c? spa?iul corespunde a?tept?rilor tale ?i pentru a discuta detaliile logistice cu echipa loca?iei.
Cum pot economisi bani la închirierea unei loca?ii inedite? Rezerv? loca?ia din timp ?i alege o zi mai pu?in popular? pentru evenimentul t?u pentru a ob?ine tarife mai avantajoase.
Ce echipamente tehnice sunt necesare pentru un botez? Sistemul de sunet ?i iluminat sunt esen?iale. Alte echipamente necesare pot include un proiector ?i ecran pentru prezent?ri sau videoclipuri ?i microfoane pentru discursuri.
Concluzie
Alegerea unei loca?ii inedite pentru botez poate transforma ziua special? într-un eveniment memorabil ?i plin de farmec. Fie c? optezi pentru o gr?din? botanic?, un muzeu sau un castel, asigur?-te c? loca?ia aleas? reflect? personalitatea ?i stilul familiei tale. Nu uita s? iei în considerare accesibilitatea, costurile ?i serviciile incluse, ?i s? personalizezi decorul pentru a crea o atmosfer? unic? ?i special?. Cu aceste sfaturi, vei putea organiza un botez de neuitat, plin de momente frumoase ?i amintiri pre?ioase.
Bucur?-te de fiecare moment al planific?rii ?i g?se?te loca?ia perfect? pentru un botez de vis!""",1,images/eventu-hero.jpg,"""Gaseste cea mai inedita""","""Locatie de botez""",1,28/06/2024 14:53,28/06/2024 14:53
 Locatie pentru eveniment corporate inedita? Inspira-ti echipa.,locatie-pentru-eveniment-corporate-inedita,"""Locatie pentru eveniment corporate inedita? Ghid Complet
Organizarea unui eveniment corporate reu?it poate fi cheia pentru motivarea echipei tale ?i consolidarea spiritului de echip?. Alegerea loca?iei potrivite este crucial? pentru a crea o atmosfer? propice colabor?rii ?i inov?rii. În acest articol, î?i vom prezenta câteva loca?ii inedite pentru evenimente corporate care vor inspira ?i energiza echipa ta.
Loca?ie pentru eveniment corporate: De ce este important??
Alegerea unei loca?ii potrivite pentru evenimentul corporate poate face diferen?a între un eveniment obi?nuit ?i unul memorabil. O loca?ie inspirat? poate stimula creativitatea, poate facilita comunicarea ?i poate transforma un simplu eveniment într-o experien?? de neuitat pentru echipa ta.
1. Castele ?i Conace Istorice
Ce poate fi mai impresionant decât un eveniment corporate organizat într-un castel sau conac istoric? Aceste loca?ii nu doar c? ofer? un cadru deosebit, dar ?i o atmosfer? unic? care poate stimula creativitatea ?i colaborarea.
Avantaje:
Atmosfer? elegant? ?i prestigioas?.
Spa?ii ample pentru diferite activit??i.
Istoria ?i arhitectura impresionant?.
2. Sta?iuni Montane
Pentru a oferi echipei tale o pauz? de la agita?ia urban?, o sta?iune montan? poate fi loca?ia perfect?. Aici, angaja?ii se pot bucura de aer curat, peisaje deosebite ?i diverse activit??i în aer liber.
Avantaje:
Mediu relaxant ?i revigorant.
Posibilitatea organiz?rii de activit??i de team building în natur?.
Facilit??i moderne ?i confortabile.
3. Nave de Croazier?
Organizarea unui eveniment pe o nav? de croazier? este o op?iune inedit? ?i deosebit de atractiv?. Acest tip de loca?ie ofer? o combina?ie de lux ?i aventur?, perfect? pentru a captiva participan?ii.
Avantaje:
Loca?ie exclusivist? ?i memorabil?.
Multiple op?iuni de divertisment la bord.
Posibilitatea de a explora diferite destina?ii.
4. Vile Private pe Malul M?rii
O vil? privat? pe malul m?rii poate oferi cadrul ideal pentru un eveniment corporate relaxant ?i inspirator. Sunetul valurilor ?i priveli?tea spectaculoas? creeaz? o atmosfer? deosebit?, propice pentru sesiuni de brainstorming ?i workshop-uri creative.
Avantaje:
Loca?ie lini?tit? ?i intim?.
Posibilitatea de a combina munca cu relaxarea.
Spa?ii adaptabile pentru diverse activit??i.
5. Centre de Conferin?e în Ora?e Culturale
Centrele de conferin?e din ora?ele culturale ofer? facilit??i moderne ?i acces la numeroase atrac?ii turistice ?i culturale. Aceste loca?ii sunt ideale pentru evenimente corporate care îmbin? sesiunile de lucru cu activit??i culturale.
Avantaje:
Facilit??i tehnice de ultim? genera?ie.
Proximitate fa?? de atrac?ii culturale ?i turistice.
Posibilitatea organiz?rii de activit??i diverse post-conferin??.
6. Complexuri de Agrement ?i Wellness
Pentru un eveniment care pune accent pe bun?starea fizic? ?i mental? a angaja?ilor, complexurile de agrement ?i wellness sunt loca?ii ideale. Acestea ofer? facilit??i pentru relaxare, sport ?i wellness, contribuind la regenerarea echipei.
Avantaje:
Spa?ii dedicate relax?rii ?i regener?rii.
Activit??i diverse pentru s?n?tate ?i wellness.
Atmosfer? propice pentru networking ?i colaborare.
7. Loca?ii Urban Chic
Dac? preferi un cadru modern ?i vibrant, loca?iile urban chic din marile ora?e pot fi o alegere excelent?. Acestea ofer? facilit??i moderne ?i o atmosfer? dinamic?, perfect? pentru evenimente corporate inovative.
Avantaje:
Atmosfer? modern? ?i stilat?.
Acces u?or la facilit??i urbane.
Posibilitatea organiz?rii de evenimente tematice.
Cum s? Alegi Loca?ia Potrivit??
Alegerea loca?iei potrivite pentru evenimentul t?u corporate depinde de mai mul?i factori, printre care:
Obiectivele evenimentului: Identific? scopurile ?i obiectivele evenimentului pentru a alege loca?ia care se potrive?te cel mai bine.
Bugetul: Stabile?te un buget clar ?i caut? loca?ii care se încadreaz? în acesta f?r? a compromite calitatea.
Num?rul de participan?i: Asigur?-te c? loca?ia aleas? poate acomoda confortabil to?i participan?ii.
Activit??ile planificate: Alege o loca?ie care ofer? facilit??i ?i spa?ii potrivite pentru activit??ile planificate.
Concluzie
Alegerea unei loca?ii inedite pentru evenimentul corporate poate transforma complet experien?a participan?ilor ?i poate aduce un plus de valoare întâlnirii. Fie c? optezi pentru un castel istoric, o sta?iune montan? sau o nav? de croazier?, asigur?-te c? loca?ia aleas? se potrive?te obiectivelor evenimentului ?i a?tept?rilor echipei tale. Inspir?-?i echipa ?i creeaz? amintiri de neuitat!""",1,images/eventu-hero.jpg,"""Afl? cum s? alegi o locatie pentru eveniment corporate perfect. Sfaturi ?i ghiduri practice pentru a g?si loca?ia ideal? care s? îndeplineasc? cerin?ele tale""","""locatie pentru eveniment corporate""",1,29/06/2024 14:53,29/06/2024 14:53
 Locatie pentru Eveniment Corporate pentru Oaspe?i externi?,locatie-pentru-eveniment-corporate-pentru-oaspeti-externi,"""Locatie pentru Eveniment Corporate pentru Oaspe?i externi?
Organizarea unui eveniment corporate cu oaspe?i interna?ionali implic? o serie de provoc?ri ?i necesit??i specifice. Alegerea unei loca?ii potrivite este esen?ial? pentru a asigura o experien?? pl?cut? ?i memorabil? pentru to?i participan?ii. În acest articol, vom explora diverse loca?ii ideale pentru evenimente corporate destinate oaspe?ilor interna?ionali ?i vom oferi sfaturi utile pentru a facilita organizarea acestora.
Importan?a Alegerea unei Loca?ii Potrivite pentru Oaspe?i Interna?ionali
Alegerea unei loca?ii adecvate pentru evenimentul t?u corporate poate influen?a semnificativ succesul acestuia. Este esen?ial s? ?ii cont de factori precum accesibilitatea, facilit??ile oferite ?i atrac?iile locale pentru a crea o experien?? complet? ?i satisf?c?toare pentru oaspe?ii t?i interna?ionali.
1. Centre de Conferin?e Interna?ionale
Centrele de conferin?e interna?ionale sunt alegerea ideal? pentru evenimentele corporate de amploare. Aceste loca?ii sunt echipate cu toate facilit??ile necesare pentru a g?zdui întâlniri ?i conferin?e de mari dimensiuni ?i ofer? un mediu profesionist.
Avantaje:
Facilit??i tehnice de ultim? genera?ie.
Spa?ii versatile pentru diferite tipuri de evenimente.
Servicii profesionale de catering ?i logistic?.
2. Hoteluri de Lux cu S?li de Conferin??
Hotelurile de lux care dispun de s?li de conferin?? sunt o op?iune popular? pentru evenimente corporate. Acestea ofer? nu doar spa?ii moderne ?i bine echipate, ci ?i cazare de înalt? calitate pentru oaspe?ii t?i interna?ionali.
Avantaje:
Cazare ?i facilit??i de conferin?? într-un singur loc.
Servicii complete ?i personalizate.
Proximitatea fa?? de atrac?ii turistice ?i centre comerciale.
3. Resorturi ?i Sta?iuni de Litoral
Resorturile ?i sta?iunile de litoral sunt perfecte pentru evenimentele corporate care combin? munca cu relaxarea. Aceste loca?ii ofer? un cadru pl?cut ?i relaxant, ideal pentru sesiunile de team building ?i networking.
Avantaje:
Peisaje spectaculoase ?i atmosfer? relaxant?.
Posibilitatea de a organiza activit??i recreative.
Spa?ii ample pentru întâlniri ?i evenimente sociale.
4. Centre Culturale ?i Istorice
Centrele culturale ?i istorice sunt loca?ii excelente pentru evenimentele corporate care doresc s? ofere oaspe?ilor interna?ionali o experien?? unic? ?i memorabil?. Aceste loca?ii nu doar c? impresioneaz? prin arhitectura ?i istoria lor, dar ofer? ?i un cadru deosebit pentru desf??urarea evenimentelor.
Avantaje:
Atmosfer? unic? ?i autentic?.
Acces la expozi?ii ?i evenimente culturale.
Posibilitatea de a organiza tururi ghidate ?i activit??i culturale.
5. Loca?ii Urbane de Top
Marile ora?e ofer? multiple op?iuni de loca?ii pentru evenimente corporate, de la centre de afaceri moderne la restaurante ?i cluburi elegante. Aceste loca?ii sunt ideale pentru evenimentele corporate care doresc s? combine munca cu distrac?ia.
Avantaje:
Facilit??i moderne ?i acces facil.
Posibilitatea de a organiza evenimente tematice.
Acces la diverse op?iuni de divertisment ?i restaurante de top.
Tabel Comparativ al Loca?iilor pentru Evenimente Corporate
Loca?ie
Avantaje
Tip de Eveniment
Centre de Conferin?e
Facilit??i tehnice moderne, spa?ii versatile
Conferin?e, Seminarii
Hoteluri de Lux
Cazare ?i s?li de conferin??, servicii complete
Conferin?e, Workshop-uri
Resorturi de Litoral
Peisaje spectaculoase, activit??i recreative
Retreaturi, Team Building
Centre Culturale
Atmosfer? unic?, activit??i culturale
Conferin?e, Evenimente de Networking
Loca?ii Urbane
Facilit??i moderne, acces la divertisment
Lans?ri de produse, Evenimente sociale

Sfaturi pentru Organizarea Evenimentelor Corporate pentru Oaspe?i Interna?ionali
Planificarea Detaliat?: Asigur?-te c? planifici fiecare detaliu al evenimentului, de la transport ?i cazare, pân? la activit??ile de recreere ?i mesele festive. O planificare riguroas? va contribui la succesul evenimentului.
Comunicarea: Comunicarea eficient? cu to?i participan?ii este esen?ial?. Asigur?-te c? furnizezi informa?ii clare ?i actualizate privind loca?ia, programul ?i facilit??ile disponibile.
Adaptarea la Cultura Participan?ilor: ?ine cont de diferen?ele culturale ?i adapteaz? evenimentul pentru a satisface nevoile ?i a?tept?rile oaspe?ilor t?i interna?ionali. Acest lucru va contribui la crearea unei atmosfere incluzive ?i pl?cute.
Oferirea de Activit??i de Networking: Organizeaz? activit??i care s? faciliteze interac?iunea ?i colaborarea între participan?i. Aceste activit??i pot include sesiuni de team building, workshop-uri interactive ?i mese festive.
Evaluarea ?i Feedback-ul: Dup? încheierea evenimentului, colecteaz? feedback de la participan?i pentru a evalua succesul acestuia ?i pentru a identifica aspectele care pot fi îmbun?t??ite în viitor.
Concluzie
Alegerea unei loca?ii adecvate pentru evenimentul t?u corporate destinat oaspe?ilor interna?ionali este crucial? pentru a asigura succesul acestuia. Indiferent dac? optezi pentru un centru de conferin?e modern, un hotel de lux sau un resort de litoral, asigur?-te c? loca?ia aleas? satisface toate nevoile ?i a?tept?rile participan?ilor. Cu o planificare atent? ?i o organizare riguroas?, evenimentul t?u corporate va fi cu siguran?? un succes!""",1,images/eventu-hero.jpg,"""Alege cea mai bun? locatie pentru eveniment corporate destinat oaspe?ilor interna?ionali. Descoper? op?iuni variate ?i inspir?-?i echipa cu loca?ii de top.""","""locatie pentru eveniment corporate""",1,30/06/2024 14:53,30/06/2024 14:53
Loca?ie pentru evenimente corporate? Ghid complet.,locatie-pentru-eveniment-corporate-ghid-complet,"""Loca?ie pentru evenimente corporate? Ghid complet. 
Organizarea unui eveniment corporate de succes necesit? o planificare atent?, iar alegerea loca?iei este unul dintre cei mai importan?i factori. Fie c? este vorba de o conferin??, un team-building sau o petrecere de firm?, ai nevoie de o locatie pentru eveniment corporate, aceasta poate face diferen?a între un eveniment obi?nuit ?i unul remarcabil. În acest articol, vom explora cum s? alegi loca?ia pentru eveniment corporate, având în vedere nevoile ?i bugetul t?u.
De Ce Este Important? Alegerea Loca?iei pentru Eveniment Corporate?
Alegerea loca?iei este crucial? deoarece influen?eaz? experien?a participan?ilor, succesul logistic al evenimentului ?i imaginea companiei tale. O loca?ie bine aleas? poate crea o impresie pozitiv? ?i poate contribui la atingerea obiectivelor evenimentului.
Factori de Luat în Considerare la Alegerea Loca?iei pentru Eveniment Corporate
Bugetul Disponibil
Primul pas este s? stabile?ti un buget clar pentru loca?ie. Include toate costurile associate, cum ar fi închirierea spa?iului, echipamentele tehnice, serviciile de catering ?i orice alte facilit??i necesare.
Num?rul de Participan?i
Asigur?-te c? loca?ia are capacitatea de a g?zdui to?i participan?ii confortabil. Verific? dac? exist? suficient spa?iu pentru toate activit??ile planificate ?i pentru pauzele de socializare.
Tipul Evenimentului
Tipul evenimentului influen?eaz? alegerea loca?iei. O conferin?? necesit? o sal? cu facilit??i tehnice adecvate, în timp ce un team-building poate avea nevoie de un spa?iu deschis ?i flexibil.
Op?iuni de Loca?ie pentru Eveniment Corporate
S?li de Conferin?e
Avantaje:
Dotate cu echipamente tehnice moderne
Servicii de catering ?i suport logistic
Capacitate variat?
Dezavantaje:
Costuri mai ridicate
Poate fi necesar? rezervarea cu mult timp înainte
Hoteluri ?i Centre de Evenimente
Avantaje:
Servicii complete, inclusiv cazare pentru participan?ii
Facilit??i multiple, cum ar fi s?li de conferin?e ?i restaurante
Profesioni?ti care te pot ajuta cu organizarea
Dezavantaje:
Costuri ridicate, în special în sezonul de vârf
Poate necesita un buget mai mare pentru servicii suplimentare
Spa?ii Neconven?ionale
Avantaje:
Creeaz? o atmosfer? unic? ?i memorabil?
Flexibilitate în aranjarea spa?iului
Posibilitatea de a personaliza evenimentul
Dezavantaje:
Poate necesita mai mult? planificare ?i organizare
Costuri suplimentare pentru echipamente ?i logistic?
Sfaturi pentru Optimizarea Alegerea Loca?iei
Planificare din Timp
Rezervarea loca?iei cu mult timp înainte poate aduce economii semnificative ?i poate garanta disponibilitatea spa?iului dorit.
Flexibilitate cu Datele
Alege o dat? flexibil? pentru eveniment, evitând perioadele aglomerate. Acest lucru poate reduce considerabil costurile.
Negocierea Pre?urilor
Nu ezita s? negociezi pre?urile ?i s? ceri oferte personalizate. Mul?i furnizori sunt dispu?i s? ajusteze pre?urile pentru a se potrivi bugetului t?u.
Întreb?ri Frecvente
Ce trebuie s? includ în bugetul pentru loca?ia unui eveniment corporate? Bugetul ar trebui s? includ? costul închirierii spa?iului, echipamentele tehnice, serviciile de catering, decorul ?i orice alte servicii necesare.
Care sunt cele mai bune perioade pentru a organiza un eveniment corporate? Cele mai bune perioade sunt în afara sezonului de vârf, cum ar fi lunile de prim?var? ?i toamn?. Evit? s?rb?torile ?i vacan?ele pentru a asigura o participare maxim?.
Cum pot g?si loca?ia perfect? pentru evenimentul meu corporate? F? o list? cu cerin?ele evenimentului, stabile?te un buget clar ?i exploreaz? diverse op?iuni. Viziteaz? loca?iile poten?iale ?i discut? detaliile cu managerii acestora.
Este necesar s? vizitez loca?ia înainte de a o rezerva? Da, este recomandat s? vizitezi loca?ia pentru a te asigura c? îndepline?te toate cerin?ele tale ?i pentru a discuta detaliile organizatorice cu echipa loca?iei.
Ce facilit??i sunt esen?iale pentru o loca?ie de eveniment corporate? Facilit??ile esen?iale includ echipamentele tehnice (proiector, microfon, internet), servicii de catering, spa?ii de relaxare ?i parcare adecvat?.
Cum pot optimiza bugetul pentru loca?ia evenimentului corporate? Rezerv? din timp, alege o dat? flexibil? ?i negociaz? pre?urile pentru a ob?ine cele mai bune oferte.
Concluzie
Alegerea loca?iei perfecte pentru un eveniment corporate necesit? o planificare atent? ?i considerarea mai multor factori esen?iali. Fie c? optezi pentru o sal? de conferin?e modern?, un hotel elegant sau un spa?iu neconven?ional, asigur?-te c? loca?ia aleas? îndepline?te toate cerin?ele tale ?i contribuie la succesul evenimentului. Cu o organizare eficient? ?i o planificare strategic?, po?i crea un eveniment corporate de neuitat, care s? impresioneze to?i participan?ii ?i s? îmbun?t??easc? imaginea companiei tale.
Bucur?-te de procesul de organizare ?i alege loca?ia care s? reflecte cel mai bine valorile ?i obiectivele evenimentului t?u corporate!""",1,images/eventu-hero.jpg,"""Afl? cum s? alegi o locatie pentru eveniment corporate perfect?. Sfaturi ?i ghiduri practice pentru a g?si loca?ia ideal? care s? îndeplineasc? cerin?ele tale.""","""locatie pentru eveniment corporate""",1,01/07/2024 14:53,01/07/2024 14:53
Ce saloane de evenimente sa alegi? Ghid complet,ce-saloane-de-evenimente-sa-alegi,"""Ce saloane de evenimente sa alegi? Ghid complet
Planificarea nun?ii tale este o perioad? emo?ionant?, dar poate fi ?i cople?itoare, mai ales când vine vorba de alegerea din oferta mare de saloane de evenimente. Aceasta este una dintre cele mai importante decizii, deoarece loca?ia stabile?te tonul ?i atmosfera pentru întreaga zi. În acest ghid complet, î?i vom oferi sfaturi practice ?i informa?ii utile pentru a te ajuta s? g?se?ti salonul ideal pentru nunta ta, f?r? stres.
Importan?a alegerii corecte a salonului de evenimente
Alegerea salonului de evenimente potrivit poate face diferen?a între o nunt? de vis ?i una mediocr?. Este esen?ial s? g?se?ti un spa?iu care s? se potriveasc? stilului t?u, bugetului ?i num?rului de invita?i.
Factori de Luat în Considerare în Alegerea Salonului de Evenimente
Bugetul
Stabile?te un buget clar pentru loca?ie. Este important s? ?tii cât e?ti dispus s? cheltuie?ti pentru a nu avea surprize nepl?cute.
Capacitatea Salonului
Asigur?-te c? salonul ales poate g?zdui to?i invita?ii confortabil. Un spa?iu prea mic poate fi sufocant, în timp ce unul prea mare poate p?rea gol ?i lipsit de via??.
Loca?ia
Loca?ia este esen?ial?. Alege un salon care este u?or accesibil pentru to?i invita?ii, având în vedere atât transportul public, cât ?i locurile de parcare disponibile.
Servicii ?i Facilit??i Oferite de Saloanele de Evenimente
Catering ?i B?uturi
Multe saloane ofer? servicii de catering ?i b?uturi. Verific? dac? meniul propus se potrive?te preferin?elor tale ?i ale invita?ilor.
Decor ?i Amenaj?ri
Un salon bine decorat poate ad?uga un plus de elegan?? evenimentului. Asigur?-te c? salonul permite personalizarea decorului pentru a se potrivi tematicii nun?ii tale.
Echipamente Tehnice
Echipamentele tehnice, cum ar fi sistemele de sunet ?i iluminat, sunt cruciale pentru o nunt? reu?it?. Verific? dac? salonul dispune de toate echipamentele necesare sau dac? va trebui s? le închiriezi separat.
Cum s? G?se?ti Saloane de Evenimente pentru Nunta Ta
Cercetarea Online
Internetul este un instrument valoros în c?utarea salonului perfect. Exist? numeroase site-uri unde po?i vizualiza loca?ii, compara pre?uri ?i citi recenzii ale altor cupluri. Lista saloane din Bucure?ti. 
Vizite la Loca?ie
Nu te limita la imaginile de pe internet. F?-?i timp s? vizitezi personal saloanele care te intereseaz?. Astfel, vei putea evalua spa?iul ?i vei putea discuta direct cu managerii de loca?ie.
Sfaturi pentru a Economisi Bani la Închirierea Salonului de Evenimente
Rezerv? din Timp
Rezervarea din timp a salonului poate aduce economii semnificative. Mul?i proprietari ofer? discounturi pentru rezerv?rile f?cute cu ani înainte de eveniment.
Alege o Zi Alternativ?
Nun?ile în zilele de weekend sunt, de obicei, mai scumpe. Dac? este posibil, alege o zi de vineri sau chiar o zi de lucru pentru a reduce costurile.
Tipuri de Saloane de Evenimente pentru Nunta Ta
Saloane de Lux
Acestea sunt ideale pentru nun?i fastuoase ?i ofer? servicii complete, de la catering la decor ?i echipamente tehnice de top.
Saloane Moderate
Ofer? un bun echilibru între pre? ?i servicii, fiind perfecte pentru majoritatea nun?ilor.
Saloane Economice
Sunt solu?ii accesibile pentru cuplurile cu buget restrâns, oferind spa?iul necesar pentru o nunt? frumoas?, f?r? a sacrifica prea mult din calitate.
Tabel Comparativ: Tipuri de Saloane de Evenimente
Tip de Salon
Pre? estimativ (RON)
Capacitate (persoane)
Servicii incluse
Flexibilitate decorare
Dot?ri tehnice
Lux
10,000+
100-300
Catering, decora?iuni, muzic?
Mare
Echipamente complete
Moderat
5,000-10,000
50-200
Catering par?ial, decora?iuni
Medie
Echipamente standard
Economic
2,000-5,000
30-100
Doar loca?ia
Limitat?
Minime

Întreb?ri Frecvente
Cum s? negociezi pre?ul pentru închirierea unui salon de evenimente? Nu ezita s? negociezi! Mul?i proprietari sunt dispu?i s? ofere discounturi sau pachete personalizate, mai ales dac? rezervi în afara sezonului.
Ce trebuie s? includ? contractul de închiriere a salonului? Asigur?-te c? contractul include toate detaliile relevante: data ?i ora evenimentului, costurile totale, serviciile incluse ?i politica de anulare.
Este necesar s? vizitez salonul înainte de a-l rezerva? Da, este esen?ial s? vizitezi salonul pentru a te asigura c? spa?iul corespunde a?tept?rilor tale ?i pentru a discuta detaliile organizatorice cu managerul loca?iei.
Ce echipamente tehnice sunt necesare pentru o nunt?? Sistemul de sunet ?i iluminat sunt cruciale. De asemenea, poate fi necesar un proiector ?i ecran pentru prezent?ri sau videoclipuri.
Cum s? alegi tema ?i decorul pentru salonul de evenimente? Alege o tem? care reflect? personalitatea voastr? ca ?i cuplu. Consult?-te cu decoratorul salonului pentru a vedea ce op?iuni sunt disponibile ?i pentru a crea un decor unic.
Care sunt avantajele rezerv?rii unui salon de evenimente complet echipat? Un salon complet echipat î?i u?ureaz? munca, oferind toate serviciile ?i echipamentele necesare într-un singur loc. Astfel, economise?ti timp ?i evi?i stresul organiz?rii multiplelor detalii logistice.
Concluzie
Alegerea salonului de evenimente pentru nunta ta este o decizie esen?ial?, dar cu pu?in? planificare ?i cercetare, po?i g?si loca?ia perfect? care s? se încadreze în bugetul t?u ?i s? corespund? a?tept?rilor tale. Fii atent la detalii, viziteaz? loca?iile ?i nu ezita s? negociezi pentru a ob?ine cea mai bun? ofert?.""",1,images/eventu-hero.jpg,"""Descoper? cum s? alegi cele mai bune saloane de evenimente pentru nunta ta! Ghidul nostru complet te va ajuta s? g?se?ti loca?ia perfect? pentru ziua cea mare.""","""Saloane de evenimente""",1,02/07/2024 14:53,02/07/2024 14:53
Saloane de Evenimente pentru Toate Bugetele: G?se?te Loca?ia Perfect? F?r? S?-?i Gole?ti Contul Bancar,saloane-de-evenimente-pentru-toate-bugetele,"""Saloane de Evenimente pentru Toate Bugetele: G?se?te Loca?ia Perfect? F?r? S?-?i Gole?ti Contul Bancar
C?utarea unui salon de evenimente potrivit poate fi o provocare, mai ales când ai un buget limitat. Fie c? organizezi o nunt?, un botez, o aniversare sau orice alt tip de eveniment, exist? op?iuni care nu î?i vor goli contul bancar. În acest articol, vei descoperi cum s? alegi salonul ideal pentru evenimentul t?u, f?r? s? faci compromisuri majore în ceea ce prive?te calitatea sau serviciile.
 
Saloane de Evenimente - Ghid de Alegere
 
Evaluarea Bugetului
Primul pas în alegerea unui salon de evenimente este s? î?i stabile?ti clar bugetul. Este important s? ?tii cât e?ti dispus s? cheltuie?ti pentru loca?ie, meniu, decora?iuni ?i alte servicii necesare.
 
Loca?ie ?i Accesibilitate
Un factor esen?ial în alegerea salonului este loca?ia acestuia. Trebuie s? te asiguri c? invita?ii t?i vor putea ajunge u?or la eveniment. Verific? dac? salonul dispune de parcare suficient? ?i dac? este accesibil cu mijloacele de transport în comun.
 
Capacitatea Salonului
Capacitatea salonului trebuie s? corespund? cu num?rul de invita?i pe care îi ai. Asigur?-te c? salonul poate g?zdui confortabil to?i invita?ii t?i, f?r? a p?rea prea aglomerat sau prea gol.
 
Caracteristici Importante ale Saloanelor de Evenimente
 
Servicii Incluse
Multe saloane de evenimente ofer? pachete complete care includ meniuri, decora?iuni, muzic? ?i alte servicii. Verific? ce este inclus în pre?ul de închiriere pentru a evita costurile suplimentare nea?teptate.
 
Flexibilitatea în Decorare
Un salon de evenimente ideal ar trebui s? permit? o anumit? flexibilitate în decorare. Astfel, po?i ad?uga o not? personal? ?i po?i crea atmosfera dorit? pentru evenimentul t?u.




Dot?ri Tehnice
Asigur?-te c? salonul are dot?rile tehnice necesare, precum sistem de sunet, lumini ?i echipamente multimedia ?i generator pentru a-?i desf??ura evenimentul f?r? probleme.
 
Cum s? G?se?ti Saloane de Evenimente pentru Toate Bugetele
 
Cercetarea Online
Internetul este o resurs? excelent? pentru a g?si saloane de evenimente. Exist? numeroase site-uri ?i platforme unde po?i compara pre?uri, citi recenzii ?i vedea fotografii ale loca?iilor.
Vezi saloanele listate pe Eventu.ro.
 
Recomand?rile Apropia?ilor
Întreab?-?i prietenii, familia ?i colegii dac? î?i pot recomanda un salon de evenimente. Experien?ele lor directe te pot ajuta s? faci o alegere informat?.
 
Vizitele la Loca?ii
Nu te baza doar pe informa?iile online sau recomand?ri. F?-?i timp s? vizitezi personal loca?iile care te intereseaz?. Astfel, vei putea vedea cu ochii t?i dac? acestea corespund a?tept?rilor tale.
 
Saloane de Evenimente Accesibile în România
 
Tipuri de Saloane
 
Exist? diverse tipuri de saloane de evenimente care se potrivesc diferitelor bugete:
 
Saloane de lux: Potrivite pentru evenimente fastuoase, cu servicii complete ?i decoruri sofisticate.
Saloane moderate: Ofer? un echilibru bun între pre? ?i calitate, fiind ideale pentru majoritatea tipurilor de evenimente.
Saloane economice: Solu?ii accesibile, perfecte pentru evenimente mai mici sau pentru cei care doresc s? economiseasc? bani.
 
Tabel: Compara?ie Între Diferite Tipuri de Saloane
 
Tip de Salon Pre? estimativ (RON) Capacitate (persoane) Servicii incluse Flexibilitate decorare Dot?ri tehnice
Lux 10,000+ 100-300 Catering, decora?iuni, muzic? Mare Echipamente complete
Moderat 5,000-10,000 50-200 Catering par?ial, decora?iuni Medie Echipamente standard
Economic 2,000-5,000 30-100 Doar loca?ia Limitat? Minime
 
Sfaturi pentru a Economisi Bani la Închirierea unui Salon de Evenimente
 
Alege o zi mai pu?in popular?
Zilele de weekend sunt, de obicei, mai scumpe. Dac? evenimentul t?u poate avea loc într-o zi de lucru, po?i economisi semnificativ.
 
Rezerv? din timp
Rezervarea loca?iei cu mult timp înainte poate aduce reduceri semnificative. Multe saloane ofer? discounturi pentru rezerv?rile f?cute cu cativa ani înainte.
 
Negociaz? pre?ul
Nu ezita s? negociezi pre?ul sau s? ceri oferte personalizate. Multe saloane sunt dispuse s? fac? ajust?ri pentru a-?i atrage clien?ii.
 
Concluzie
G?sirea unui salon de evenimente care s? se încadreze în bugetul t?u nu trebuie s? fie o sarcin? dificil?. Cu pu?in? cercetare ?i planificare, po?i g?si loca?ia perfect? f?r? s? î?i gole?ti contul bancar. Asigur?-te c? evaluezi toate op?iunile disponibile ?i c? alegi un salon care s? corespund? nevoilor tale ?i ale invita?ilor t?i.
 
G?se?te salonul perfect ?i bucur?-te de evenimentul t?u f?r? griji financiare!""",1,images/eventu-hero.jpg,"""Descoper? saloane de evenimente accesibile pentru orice buget, f?r? s? compromi?i bugetul. G?se?te loca?ia perfect? pentru evenimentul t?u în România!""",,1,03/07/2024 14:53,03/07/2024 14:53
Saloane de evenimente potrivite pentru nunta ta? Vezi ghid,saloane-de-evenimente-potrivite-pentru-nunta-ta,"""Saloane de evenimente
Alegerea salonului de evenimente este una dintre cele mai importante decizii pe care le vei face în planificarea nun?ii tale. Loca?ia nu doar c? trebuie s? fie frumoas? ?i accesibil?, dar trebuie s? se potriveasc? perfect cu tema ?i stilul nun?ii tale. În acest articol, î?i vom dezv?lui secretele pentru a alege salonul de evenimente ideal, asigurându-te c? ziua cea mare va fi exact a?a cum ai visat.
Importan?a Salonului de Evenimente în Definirea Tematicii Nun?ii
Loca?ia nun?ii tale joac? un rol crucial în definirea atmosferei ?i tematicii evenimentului. Fie c? visezi la o nunt? rustic?, elegant? sau modern?, salonul de evenimente trebuie s? reflecte perfect aceste dorin?e. Alegerea loca?iei potrivite poate transforma ziua nun?ii tale într-o experien?? de neuitat.
Factori de Luat în Considerare în Alegerea Salonului de Evenimente
Stilul ?i Tema Nun?ii
Primul pas în alegerea salonului de evenimente este s? stabile?ti clar stilul ?i tema nun?ii tale. Fie c? optezi pentru o nunt? clasic?, romantic? sau o petrecere modern?, loca?ia trebuie s? completeze aceast? viziune.
Capacitatea Salonului
Asigur?-te c? salonul ales poate g?zdui confortabil num?rul de invita?i. Nu vrei s? ai o loca?ie prea mic?, unde invita?ii s? se simt? sufoca?i, dar nici una prea mare, care s? par? goal?.
Bugetul
Stabilirea unui buget realist este esen?ial?. Gânde?te-te la toate costurile implicate, nu doar la pre?ul de închiriere al salonului, ci ?i la servicii suplimentare precum catering, decora?iuni ?i echipamente tehnice.
Cum s? Alegi Salonul de Evenimente Potrivit pentru Tema Nun?ii Tale
Loca?ia ?i Decorul
Salonul trebuie s? se potriveasc? tematicii nun?ii tale. Dac? ai o nunt? rustic?, un salon situat într-o zon? rural? sau cu elemente de lemn ?i piatr? poate fi perfect. Pentru o nunt? elegant?, caut? saloane cu candelabre, finisaje de lux ?i o atmosfer? sofisticat?.
Serviciile Incluse
Verific? ce servicii sunt incluse în pachetul de închiriere. Unele saloane ofer? pachete complete care includ catering, decora?iuni ?i servicii de planificare, ceea ce poate fi foarte convenabil.
Flexibilitatea în Decorare
Este important ca salonul s? permit? personalizarea decorului. Astfel, po?i ad?uga elemente care reflect? personalitatea voastr? ca ?i cuplu ?i tema nun?ii.
Exemple de Saloane de Evenimente pentru Diverse Tematici de Nunt?
Nunt? Rustic?
Pentru o nunt? rustic?, caut? saloane de evenimente situate în natur?, cu elemente de lemn ?i decoruri naturale. Loca?iile de tip hambar sau cabane sunt ideale pentru acest tip de nunt?.
Nunt? Elegant?
Pentru o nunt? elegant?, alege un salon cu o arhitectur? impresionant?, candelabre str?lucitoare ?i finisaje luxoase. Aceste loca?ii sunt perfecte pentru un eveniment sofisticat ?i rafinat.
Nunt? Modern?
Pentru o nunt? modern?, caut? saloane cu design minimalist, linii curate ?i tehnologii avansate. Aceste spa?ii sunt perfecte pentru cuplurile care doresc o nunt? contemporan? ?i stilat?.
Întreb?ri Frecvente
Cum aleg un salon de evenimente care s? se potriveasc? cu tema nun?ii mele? Stabile?te mai întâi tema ?i stilul nun?ii tale, apoi caut? loca?ii care completeaz? aceast? viziune. Viziteaz? saloanele ?i discut? cu managerii pentru a vedea ce op?iuni de personalizare sunt disponibile.
Ce ar trebui s? includ? contractul de închiriere a salonului? Contractul ar trebui s? includ? toate detaliile esen?iale: data ?i ora evenimentului, costurile totale, serviciile incluse, politica de anulare ?i orice alte termeni ?i condi?ii specifice.
Este necesar s? vizitez salonul înainte de a-l rezerva? Da, este esen?ial s? vizitezi salonul personal pentru a te asigura c? spa?iul corespunde a?tept?rilor tale ?i pentru a discuta detaliile logistice cu echipa loca?iei.
Cum pot economisi bani la închirierea unui salon de evenimente? Rezerv? salonul din timp, alege o zi mai pu?in popular? pentru nunta ta ?i negociaz? pre?ul sau pachetele de servicii oferite.
Ce echipamente tehnice sunt necesare pentru o nunt?? Sistemul de sunet ?i iluminat sunt esen?iale. Alte echipamente necesare pot include un proiector ?i ecran pentru prezent?ri sau videoclipuri ?i microfoane pentru discursuri.
Cum s? personalizez decorul salonului de evenimente? Lucreaz? cu un decorator profesionist sau utilizeaz? elemente DIY pentru a ad?uga o not? personal?. Alege culorile, florile ?i detaliile care reflect? tema ?i stilul nun?ii tale.
Concluzie
Alegerea salonului de evenimente potrivit pentru nunta ta este un pas crucial în planificarea zilei perfecte. Prin luarea în considerare a stilului ?i tematicii nun?ii, a bugetului ?i a capacit??ii, po?i g?si loca?ia ideal? care s? î?i îndeplineasc? toate dorin?ele. Nu uita s? vizitezi loca?iile, s? discu?i detaliile cu managerii ?i s? personalizezi decorul pentru a crea o atmosfer? unic? ?i memorabil?. Cu aceste secrete dezv?luite, vei putea organiza o nunt? de vis, f?r? stres ?i f?r? compromisuri.
Bucur?-te de fiecare moment al planific?rii ?i g?se?te salonul perfect pentru o zi de neuitat!""",1,images/eventu-hero.jpg,"""Afla secretele alegerii celor mai potrivite saloane de evenimente pentru tema nun?ii tale. Ghidul nostru te ajut? iei cea mai bun? alegere pentru ziua cea mare.""","""Saloane de evenimente""",1,04/07/2024 14:53,04/07/2024 14:53
